player,shirtnumber,nationality,position,age,minutes,tackles,tackles_won,tackles_def_3rd,tackles_mid_3rd,tackles_att_3rd,challenge_tackles,challenges,challenge_tackles_pct,challenges_lost,blocks,blocked_shots,blocked_passes,interceptions,tackles_interceptions,clearances,errors,Matchweek,Season
Santi Mina,22,es ESP,FW,25-023,90,2,1,0,1,1,0,2,0.0,2,0,0,0,1,3,1,0,16,2020-2021
Iago Aspas,10,es ESP,FW,33-151,72,0,0,0,0,0,0,1,0.0,1,1,0,1,1,1,0,0,16,2020-2021
   Fran Beltrán,8,es ESP,"CM,FW",21-331,18,0,0,0,0,0,0,0,,0,0,0,0,0,0,0,0,16,2020-2021
Nolito,9,es ESP,LM,34-076,82,1,0,0,1,0,0,1,0.0,1,0,0,0,1,2,0,0,16,2020-2021
   Miguel Baeza,27,es ESP,LM,20-278,8,0,0,0,0,0,0,0,,0,0,0,0,0,0,0,0,16,2020-2021
Renato Tapia,14,pe PER,CM,25-155,82,0,0,0,0,0,0,3,0.0,3,3,2,1,3,3,2,0,16,2020-2021
   José Fontán,29,es ESP,"CB,LB",20-323,8,0,0,0,0,0,0,0,,0,1,1,0,1,1,2,0,16,2020-2021
Denis Suárez,6,es ESP,CM,26-359,72,4,1,0,4,0,1,5,20.0,4,0,0,0,0,4,0,0,16,2020-2021
   Okay Yokuşlu,5,tr TUR,CM,26-296,18,1,1,0,1,0,0,0,,0,0,0,0,0,1,1,0,16,2020-2021
Brais Méndez,23,es ESP,RM,23-358,90,2,1,2,0,0,1,5,20.0,4,2,0,2,1,3,3,0,16,2020-2021
Lucas Olaza,15,uy URU,LB,26-162,89,1,1,1,0,0,0,0,,0,1,0,1,1,2,2,0,16,2020-2021
   Joseph Aidoo,18,gh GHA,"CB,LB",25-092,1,0,0,0,0,0,0,0,,0,0,0,0,0,0,1,0,16,2020-2021
Jeison Murillo,24,co COL,CB,28-217,90,0,0,0,0,0,0,1,0.0,1,1,1,0,0,0,6,0,16,2020-2021
Néstor Araujo,4,mx MEX,CB,29-123,90,1,1,0,1,0,0,1,0.0,1,0,0,0,0,1,5,0,16,2020-2021
Hugo Mallo,2,es ESP,RB,29-191,90,3,1,3,0,0,2,2,100.0,0,1,1,0,0,3,6,0,16,2020-2021
Rubén Blanco,13,es ESP,GK,25-158,90,0,0,0,0,0,0,0,,0,0,0,0,0,0,2,0,16,2020-2021
Shinji Okazaki,12,jp JPN,FW,34-258,90,1,1,1,0,0,0,0,,0,1,0,1,0,1,0,0,16,2020-2021
Javier Ontiveros,15,es ESP,LW,23-112,66,0,0,0,0,0,0,0,,0,1,0,1,0,0,0,0,16,2020-2021
   Sergio Gómez,10,es ESP,LW,20-117,24,1,0,0,1,0,1,2,50.0,1,0,0,0,1,2,0,0,16,2020-2021
David Ferreiro,7,es ESP,RW,32-273,90,0,0,0,0,0,0,1,0.0,1,0,0,0,2,2,1,0,16,2020-2021
Borja García,24,es ESP,LM,30-058,55,0,0,0,0,0,0,1,0.0,1,0,0,0,0,0,0,1,16,2020-2021
   Rafa Mir,9,es ESP,LM,23-195,35,0,0,0,0,0,0,0,,0,0,0,0,0,0,0,0,16,2020-2021
Pedro Mosquera,5,es ESP,CM,32-253,90,1,1,1,0,0,0,1,0.0,1,0,0,0,2,3,2,0,16,2020-2021
Mikel Rico,17,es ESP,RM,36-056,66,0,0,0,0,0,0,1,0.0,1,1,1,0,0,0,1,0,16,2020-2021
   Jaime Seoane,20,es ESP,RM,23-343,24,2,1,0,1,1,0,0,,0,2,0,2,0,2,0,0,16,2020-2021
Javi Galán,11,es ESP,LB,26-041,90,3,3,1,2,0,2,3,66.7,1,0,0,0,0,3,3,0,16,2020-2021
Dimitris Siovas,18,gr GRE,CB,32-105,90,0,0,0,0,0,0,0,,0,0,0,0,2,2,1,0,16,2020-2021
Jorge Pulido,14,es ESP,CB,29-266,90,0,0,0,0,0,0,0,,0,0,0,0,0,0,1,0,16,2020-2021
Pedro López Muñoz,19,es ESP,RB,37-059,79,0,0,0,0,0,0,1,0.0,1,0,0,0,2,2,1,0,16,2020-2021
   Juan Carlos,21,es ESP,RB,29-290,11,0,0,0,0,0,0,0,,0,0,0,0,0,0,0,0,16,2020-2021
Álvaro Fernández,1,es ESP,GK,22-261,90,1,1,0,1,0,1,1,100.0,0,0,0,0,1,2,0,0,16,2020-2021
João Félix,7,pt POR,FW,21-050,70,0,0,0,0,0,0,0,,0,0,0,0,0,0,0,0,16,2020-2021
   Ángel Correa,10,ar ARG,FW,25-296,20,0,0,0,0,0,0,1,0.0,1,0,0,0,0,0,0,0,16,2020-2021
Luis Suárez,9,uy URU,FW,33-341,79,0,0,0,0,0,0,0,,0,0,0,0,0,0,0,0,16,2020-2021
   José María Giménez,2,uy URU,RB,25-345,11,0,0,0,0,0,0,0,,0,0,0,0,0,0,1,0,16,2020-2021
Thomas Lemar,11,fr FRA,CM,25-048,70,3,1,0,3,0,1,2,50.0,1,1,0,1,0,3,1,0,16,2020-2021
   Lucas Torreira,5,uy URU,"DM,CM",24-323,20,1,0,1,0,0,0,0,,0,0,0,0,0,1,0,0,16,2020-2021
Koke,6,es ESP,CM,28-357,90,2,1,1,1,0,0,1,0.0,1,1,0,1,3,5,1,0,16,2020-2021
Marcos Llorente,14,es ESP,"CM,WB,RM",25-335,90,2,1,1,1,0,0,1,0.0,1,3,0,3,2,4,0,0,16,2020-2021
Yannick Carrasco,21,be BEL,"WB,LM",27-117,90,3,1,0,1,2,2,3,66.7,1,2,0,2,1,4,0,0,16,2020-2021
Šime Vrsaljko,24,hr CRO,WB,28-355,56,2,1,2,0,0,2,2,100.0,0,0,0,0,2,4,1,0,16,2020-2021
   Saúl Ñíguez,8,es ESP,CM,26-039,34,2,1,1,1,0,2,2,100.0,0,1,1,0,0,2,1,0,16,2020-2021
Mario Hermoso,22,es ESP,"CB,LB",25-195,90,2,2,0,1,1,2,3,66.7,1,1,0,1,1,3,3,0,16,2020-2021
Felipe,18,br BRA,CB,31-228,90,0,0,0,0,0,0,0,,0,1,1,0,3,3,9,0,16,2020-2021
Stefan Savić,15,me MNE,CB,29-357,90,1,1,1,0,0,0,0,,0,0,0,0,2,3,2,0,16,2020-2021
Jan Oblak,13,si SVN,GK,27-358,90,0,0,0,0,0,0,0,,0,0,0,0,0,0,0,0,16,2020-2021
Jaime Mata,7,es ESP,FW,32-067,68,1,1,0,0,1,0,1,0.0,1,2,0,2,0,1,0,0,16,2020-2021
   Enes Ünal,10,tr TUR,FW,23-234,22,0,0,0,0,0,0,0,,0,0,0,0,0,0,0,0,16,2020-2021
Ángel Rodríguez,9,es ESP,FW,33-248,90,0,0,0,0,0,0,0,,0,0,0,0,0,0,1,0,16,2020-2021
Marc Cucurella,15,es ESP,LM,22-161,90,3,1,0,3,0,1,1,100.0,0,2,0,2,2,5,2,0,16,2020-2021
David Timor,24,es ESP,CM,31-074,87,0,0,0,0,0,0,0,,0,0,0,0,2,2,1,0,16,2020-2021
   John Joe,38,ie IRL,CM,17-067,3,0,0,0,0,0,0,0,,0,0,0,0,0,0,0,0,16,2020-2021
Nemanja Maksimović,20,rs SRB,CM,25-339,90,4,2,1,2,1,1,1,100.0,0,2,0,2,3,7,3,0,16,2020-2021
Francisco Portillo,8,es ESP,RM,30-200,90,1,1,1,0,0,1,4,25.0,3,0,0,0,2,3,0,0,16,2020-2021
Mathías Olivera,17,uy URU,LB,23-060,90,1,1,1,0,0,1,3,33.3,2,0,0,0,1,2,2,0,16,2020-2021
Xabier Etxeita,4,es ESP,CB,33-060,90,3,1,2,1,0,2,4,50.0,2,0,0,0,2,5,4,0,16,2020-2021
Djené,2,tg TOG,CB,28-365,90,3,3,2,1,0,1,2,50.0,1,0,0,0,0,3,5,0,16,2020-2021
Iglesias,29,es ESP,RB,22-180,90,2,1,2,0,0,2,4,50.0,2,4,1,3,3,5,2,0,16,2020-2021
Rubén Yáñez,1,es ESP,GK,27-079,90,0,0,0,0,0,0,0,,0,0,0,0,0,0,0,0,16,2020-2021
Lucas Boyé,9,ar ARG,FW,24-306,86,3,0,2,0,1,1,1,100.0,0,3,0,3,4,7,2,0,16,2020-2021
   Guido Carrillo,21,ar ARG,FW,29-219,4,0,0,0,0,0,0,0,,0,0,0,0,0,0,0,0,16,2020-2021
Fidel,16,es ESP,"LM,CM",31-064,90,1,1,1,0,0,0,3,0.0,3,2,0,2,0,1,0,0,16,2020-2021
Víctor Rodríguez,8,es ESP,CM,31-160,73,0,0,0,0,0,0,1,0.0,1,2,1,1,1,1,1,0,16,2020-2021
   Tete Morente,11,es ESP,LM,24-026,17,0,0,0,0,0,0,1,0.0,1,0,0,0,0,0,0,0,16,2020-2021
Raúl Guti,14,es ESP,CM,24-000,90,0,0,0,0,0,0,1,0.0,1,0,0,0,1,1,0,0,16,2020-2021
Emiliano Rigoni,22,ar ARG,RM,27-330,73,0,0,0,0,0,0,0,,0,0,0,0,0,0,2,0,16,2020-2021
   Josan,17,es ESP,RM,31-027,17,1,0,0,1,0,0,1,0.0,1,2,0,2,0,1,1,0,16,2020-2021
Iván Marcone,4,ar ARG,DM,30-210,90,3,3,2,1,0,2,2,100.0,0,0,0,0,2,5,1,0,16,2020-2021
Juan Sánchez Miño,3,ar ARG,LB,30-364,90,0,0,0,0,0,0,2,0.0,2,1,0,1,0,0,4,0,16,2020-2021
Josema,24,es ESP,CB,24-207,90,0,0,0,0,0,0,0,,0,1,1,0,2,2,4,0,16,2020-2021
Gonzalo Verdú,5,es ESP,CB,32-070,90,0,0,0,0,0,0,0,,0,0,0,0,0,0,4,0,16,2020-2021
Antonio Barragán,19,es ESP,RB,33-201,90,0,0,0,0,0,0,1,0.0,1,1,0,1,1,1,4,1,16,2020-2021
Édgar Badía,13,es ESP,GK,28-322,90,0,0,0,0,0,0,0,,0,0,0,0,0,0,1,0,16,2020-2021
Karim Benzema,9,fr FRA,FW,33-011,90,0,0,0,0,0,0,2,0.0,2,0,0,0,1,1,0,0,16,2020-2021
Marco Asensio,11,es ESP,LW,24-344,85,0,0,0,0,0,0,0,,0,0,0,0,0,0,1,0,16,2020-2021
   Vinicius Júnior,20,br BRA,LW,20-171,5,0,0,0,0,0,0,0,,0,0,0,0,0,0,0,0,16,2020-2021
Lucas Vázquez,17,es ESP,RW,29-182,76,1,0,0,0,1,0,1,0.0,1,0,0,0,1,2,0,0,16,2020-2021
   Eden Hazard,7,be BEL,RW,29-358,14,0,0,0,0,0,0,0,,0,1,0,1,0,0,0,0,16,2020-2021
Toni Kroos,8,de GER,LM,30-361,77,3,1,0,0,3,1,3,33.3,2,1,0,1,0,3,0,0,16,2020-2021
   Federico Valverde,15,uy URU,LM,22-161,13,0,0,0,0,0,0,2,0.0,2,0,0,0,1,1,0,0,16,2020-2021
Casemiro,14,br BRA,CM,28-311,90,1,1,0,1,0,0,0,,0,3,0,3,2,3,2,0,16,2020-2021
Luka Modrić,10,hr CRO,RM,35-112,90,0,0,0,0,0,0,0,,0,0,0,0,1,1,0,0,16,2020-2021
Marcelo,12,br BRA,LB,32-232,90,1,1,1,0,0,0,0,,0,0,0,0,1,2,2,0,16,2020-2021
Sergio Ramos,4,es ESP,CB,34-275,90,1,1,0,1,0,1,1,100.0,0,0,0,0,1,2,1,0,16,2020-2021
Raphaël Varane,5,fr FRA,CB,27-249,90,3,1,2,0,1,2,3,66.7,1,0,0,0,0,3,1,0,16,2020-2021
Dani Carvajal,2,es ESP,RB,28-354,90,4,4,1,2,1,0,1,0.0,1,3,0,3,1,5,1,0,16,2020-2021
Thibaut Courtois,1,be BEL,GK,28-233,90,0,0,0,0,0,0,0,,0,0,0,0,0,0,0,0,16,2020-2021
Asier Villalibre,20,es ESP,FW,23-092,84,1,1,0,1,0,0,0,,0,1,0,1,1,2,1,0,16,2020-2021
   Kenan Kodro,19,ba BIH,FW,27-134,6,0,0,0,0,0,0,0,,0,0,0,0,0,0,0,0,16,2020-2021
Álex Berenguer,12,es ESP,LW,25-180,55,0,0,0,0,0,0,0,,0,0,0,0,0,0,1,0,16,2020-2021
   Unai López,8,es ESP,DM,25-062,17,1,1,1,0,0,0,0,,0,0,0,0,0,1,0,0,16,2020-2021
   Raúl García,22,es ESP,DM,34-173,18,0,0,0,0,0,0,0,,0,0,0,0,0,0,0,0,16,2020-2021
Iñaki Williams,9,gh GHA,RW,26-199,55,0,0,0,0,0,0,0,,0,1,0,1,1,1,0,0,16,2020-2021
   Jon Morcillo,2,es ESP,RW,22-107,35,1,0,0,0,1,0,2,0.0,2,1,0,1,0,1,0,0,16,2020-2021
Iker Muniain,10,es ESP,"AM,LW",28-012,90,2,1,0,2,0,1,1,100.0,0,1,0,1,1,3,0,0,16,2020-2021
Mikel Vesga,6,es ESP,DM,27-224,90,1,1,0,1,0,0,2,0.0,2,1,0,1,1,2,0,0,16,2020-2021
Unai Vencedor Paris,27,es ESP,DM,20-046,55,1,1,0,1,0,0,0,,0,0,0,0,1,2,0,0,16,2020-2021
   Oihan Sancet,16,es ESP,AM,20-250,35,1,0,1,0,0,1,1,100.0,0,0,0,0,1,2,0,0,16,2020-2021
Yuri Berchiche,17,es ESP,LB,30-325,90,1,1,1,0,0,1,1,100.0,0,1,0,1,0,1,1,0,16,2020-2021
Iñigo Martínez,4,es ESP,CB,29-228,90,1,1,1,0,0,1,2,50.0,1,1,0,1,0,1,5,0,16,2020-2021
Unai Núñez,3,es ESP,CB,23-336,90,3,1,2,1,0,0,2,0.0,2,1,1,0,2,5,1,0,16,2020-2021
Ander Capa,21,es ESP,RB,28-327,90,1,0,0,1,0,1,3,33.3,2,2,1,1,1,2,7,0,16,2020-2021
Unai Simón,1,es ESP,GK,23-203,90,0,0,0,0,0,0,0,,0,0,0,0,0,0,1,0,16,2020-2021
Alexander Isak,19,se SWE,FW,21-101,84,2,1,0,0,2,1,1,100.0,0,0,0,0,1,3,2,0,16,2020-2021
   Willian José,9,br BRA,FW,29-038,6,0,0,0,0,0,0,0,,0,0,0,0,0,0,0,0,16,2020-2021
Mikel Oyarzabal,10,es ESP,LW,23-254,67,1,0,0,1,0,1,2,50.0,1,2,0,2,0,1,0,0,16,2020-2021
   Martín Merquelanz,17,es ESP,"DM,LW",25-202,23,0,0,0,0,0,0,0,,0,0,0,0,1,1,1,0,16,2020-2021
Portu,7,es ESP,RW,28-224,73,0,0,0,0,0,0,0,,0,2,0,2,1,1,0,0,16,2020-2021
   Ander Barrenetxea,22,es ESP,WB,19-004,17,0,0,0,0,0,0,0,,0,0,0,0,0,0,0,0,16,2020-2021
Jon Guridi,14,es ESP,"AM,FW",25-307,90,3,2,3,0,0,1,4,25.0,3,0,0,0,1,4,0,0,16,2020-2021
Mikel Merino,8,es ESP,DM,24-192,90,4,2,1,3,0,0,0,,0,2,1,1,1,5,1,0,16,2020-2021
Ander Guevara,16,es ESP,DM,23-177,45,1,1,0,1,0,1,1,100.0,0,0,0,0,0,1,0,0,16,2020-2021
   Martín Zubimendi,36,es ESP,DM,21-333,45,1,0,1,0,0,1,1,100.0,0,0,0,0,1,2,2,0,16,2020-2021
Nacho Monreal,20,es ESP,"LB,WB",34-309,90,0,0,0,0,0,0,0,,0,0,0,0,4,4,3,0,16,2020-2021
Igor Zubeldia,5,es ESP,CB,23-276,90,2,1,0,2,0,0,2,0.0,2,0,0,0,1,3,3,0,16,2020-2021
Robin Le Normand,24,es ESP,CB,24-050,90,1,0,1,0,0,1,1,100.0,0,1,0,1,3,4,4,0,16,2020-2021
Andoni Gorosabel,18,es ESP,RB,24-149,67,4,2,2,2,0,1,3,33.3,2,1,0,1,2,6,2,0,16,2020-2021
   Modibo Sagnan,15,fr FRA,"CB,RB",21-261,23,0,0,0,0,0,0,0,,0,1,0,1,0,0,2,0,16,2020-2021
Álex Remiro,1,es ESP,GK,25-282,90,0,0,0,0,0,0,0,,0,0,0,0,0,0,0,0,16,2020-2021
Ante Budimir,17,hr CRO,FW,29-162,12,0,0,0,0,0,0,0,,0,1,0,1,0,0,0,0,16,2020-2021
   Sergio Herrera,1,es ESP,GK,27-209,78,0,0,0,0,0,0,0,,0,0,0,0,0,0,1,0,16,2020-2021
Jonathan Calleri,16,ar ARG,FW,27-099,45,0,0,0,0,0,0,1,0.0,1,1,0,1,0,0,0,0,16,2020-2021
   Enric Gallego,19,es ESP,FW,34-110,45,2,2,0,2,0,1,2,50.0,1,1,0,1,0,2,0,0,16,2020-2021
Rubén García,14,es ESP,LM,27-170,88,1,0,0,1,0,0,0,,0,1,0,1,0,1,0,0,16,2020-2021
   Kike Barja,11,es ESP,LM,23-274,2,0,0,0,0,0,0,0,,0,0,0,0,0,0,0,0,16,2020-2021
Oier Sanjurjo,6,es ESP,CM,34-220,90,1,0,0,1,0,0,1,0.0,1,1,1,0,5,6,2,0,16,2020-2021
Jon Moncayola,27,es ESP,CM,22-232,89,3,1,3,0,0,3,4,75.0,1,3,2,1,1,4,0,0,16,2020-2021
   Javi Martínez,28,es ESP,CM,21-009,1,0,0,0,0,0,0,0,,0,0,0,0,0,0,0,0,16,2020-2021
Roberto Torres,10,es ESP,RM,31-299,88,1,1,0,1,0,1,2,50.0,1,0,0,0,1,2,1,0,16,2020-2021
   Jony,7,es ESP,RM,29-175,2,0,0,0,0,0,0,0,,0,0,0,0,0,0,0,0,16,2020-2021
Juan Cruz Armada,3,es ESP,LB,28-156,90,4,2,1,2,1,2,2,100.0,0,2,0,2,0,4,3,0,16,2020-2021
David García,5,es ESP,CB,26-321,90,0,0,0,0,0,0,0,,0,3,3,0,1,1,7,0,16,2020-2021
Aridane Hernández,23,es ESP,CB,31-283,90,1,0,1,0,0,1,1,100.0,0,0,0,0,2,3,13,0,16,2020-2021
Nacho Vidal,2,es ESP,RB,25-342,90,2,1,2,0,0,1,1,100.0,0,3,2,1,3,5,5,0,16,2020-2021
Rubén,13,es ESP,GK,36-192,7,0,0,0,0,0,0,0,,0,0,0,0,0,0,0,0,16,2020-2021
Deyverson,14,br BRA,FW,29-237,45,0,0,0,0,0,0,0,,0,0,0,0,0,0,0,0,16,2020-2021
   Lucas Pérez,7,es ESP,FW,32-112,45,0,0,0,0,0,0,0,,0,0,0,0,1,1,0,0,16,2020-2021
Joselu,9,es ESP,FW,30-279,90,0,0,0,0,0,0,0,,0,0,0,0,0,0,4,0,16,2020-2021
Luis Rioja,11,es ESP,LM,27-076,90,0,0,0,0,0,0,1,0.0,1,0,0,0,0,0,1,0,16,2020-2021
Manu García,19,es ESP,CM,34-249,90,1,1,1,0,0,0,2,0.0,2,4,0,4,1,2,4,0,16,2020-2021
Tomás Pina Isla,8,es ESP,CM,33-078,75,1,1,0,1,0,1,1,100.0,0,1,0,1,1,2,2,0,16,2020-2021
   Jota,24,es ESP,CM,29-198,15,0,0,0,0,0,0,0,,0,0,0,0,0,0,0,0,16,2020-2021
Édgar Méndez,16,es ESP,RM,30-364,66,2,1,2,0,0,1,1,100.0,0,0,0,0,1,3,0,0,16,2020-2021
   Borja Sainz,29,es ESP,RM,19-334,24,1,1,1,0,0,0,0,,0,0,0,0,0,1,0,0,16,2020-2021
Rubén Duarte,3,es ESP,LB,25-074,90,1,0,0,0,1,1,1,100.0,0,2,0,2,1,2,0,0,16,2020-2021
Florian Lejeune,22,fr FRA,CB,29-225,90,1,0,1,0,0,0,0,,0,0,0,0,1,2,3,0,16,2020-2021
Víctor Laguardia,5,es ESP,CB,31-056,90,2,2,1,1,0,2,2,100.0,0,0,0,0,2,4,5,0,16,2020-2021
Ximo Navarro,23,es ESP,RB,30-343,75,1,1,1,0,0,0,0,,0,0,0,0,0,1,3,0,16,2020-2021
   Tomás Tavares,37,pt POR,RB,19-299,15,0,0,0,0,0,0,0,,0,0,0,0,0,0,1,0,16,2020-2021
Fernando Pacheco,1,es ESP,GK,28-227,90,0,0,0,0,0,0,0,,0,0,0,0,0,0,0,0,16,2020-2021
Fernando Niño,34,es ESP,FW,20-070,45,0,0,0,0,0,0,1,0.0,1,1,0,1,0,0,0,0,17,2020-2021
   Samuel Chukwueze,11,ng NGA,"RM,RW",21-225,45,0,0,0,0,0,0,1,0.0,1,0,0,0,0,0,0,0,17,2020-2021
Yeremi Pino,30,es ESP,LW,18-074,45,0,0,0,0,0,0,1,0.0,1,3,0,3,1,1,0,0,17,2020-2021
   Juan Foyth,8,ar ARG,"DM,CM",22-356,45,1,0,0,1,0,1,1,100.0,0,1,0,1,1,2,0,0,17,2020-2021
Gerard Moreno,7,es ESP,"FW,RW",28-270,90,1,1,0,0,1,0,1,0.0,1,1,0,1,0,1,2,0,17,2020-2021
Manu Trigueros,14,es ESP,"LM,CM,RM",29-077,90,2,2,1,1,0,1,1,100.0,0,1,0,1,1,3,0,0,17,2020-2021
Daniel Parejo,5,es ESP,"CM,LM",31-261,90,1,1,0,0,1,0,0,,0,0,0,0,0,1,1,0,17,2020-2021
Moi Gómez,23,es ESP,"RM,LW",26-193,66,0,0,0,0,0,0,0,,0,0,0,0,1,1,1,0,17,2020-2021
   Pervis Estupiñán,15,ec ECU,LB,22-347,24,0,0,0,0,0,0,0,,0,1,0,1,1,1,0,0,17,2020-2021
Alfonso Pedraza,24,es ESP,"LB,LM",24-268,75,0,0,0,0,0,0,0,,0,1,0,1,1,1,1,0,17,2020-2021
   Jaume Costa,21,es ESP,LM,32-290,15,1,0,0,1,0,1,1,100.0,0,0,0,0,0,1,0,0,17,2020-2021
Pau Torres,4,es ESP,CB,23-352,90,0,0,0,0,0,0,0,,0,1,0,1,2,2,9,0,17,2020-2021
Raúl Albiol,3,es ESP,CB,35-120,90,0,0,0,0,0,0,0,,0,1,0,1,1,1,9,0,17,2020-2021
Rubén Peña,20,es ESP,RB,29-168,90,0,0,0,0,0,0,0,,0,1,0,1,1,1,2,0,17,2020-2021
Sergio Asenjo,1,es ESP,GK,31-188,90,0,0,0,0,0,0,0,,0,0,0,0,0,0,1,0,17,2020-2021
Dani Gómez,21,es ESP,FW,22-156,69,0,0,0,0,0,0,1,0.0,1,1,0,1,0,0,0,0,17,2020-2021
   Sergio León,7,es ESP,FW,31-362,21,0,0,0,0,0,0,0,,0,0,0,0,0,0,0,0,17,2020-2021
Roger Martí,9,es ESP,FW,29-365,90,1,1,0,1,0,0,2,0.0,2,0,0,0,1,2,0,0,17,2020-2021
Toño,3,es ESP,LW,31-056,69,1,0,1,0,0,0,0,,0,0,0,0,1,2,0,0,17,2020-2021
   Jorge Miramón,20,es ESP,LW,31-214,21,1,1,1,0,0,1,1,100.0,0,0,0,0,0,1,0,0,17,2020-2021
Son,2,es ESP,RW,26-278,90,1,1,1,0,0,1,1,100.0,0,0,0,0,2,3,2,0,17,2020-2021
Gonzalo Melero,22,es ESP,CM,27-000,62,0,0,0,0,0,0,0,,0,0,0,0,1,1,1,0,17,2020-2021
   José Luis Morales,11,es ESP,CM,33-163,28,0,0,0,0,0,0,1,0.0,1,0,0,0,0,0,0,0,17,2020-2021
Rubén Rochina,16,es ESP,CM,29-285,28,1,0,1,0,0,0,1,0.0,1,1,0,1,1,2,0,0,17,2020-2021
   Mickael Malsa,12,mq MTQ,CM,25-082,62,2,1,0,2,0,1,1,100.0,0,0,0,0,1,3,0,1,17,2020-2021
Nemanja Radoja,5,rs SRB,DM,27-331,90,3,3,2,1,0,1,4,25.0,3,2,1,1,1,4,0,0,17,2020-2021
Carlos Clerc,19,es ESP,CB,28-316,90,1,1,1,0,0,1,1,100.0,0,0,0,0,1,2,0,0,17,2020-2021
Óscar Duarte,6,cr CRC,CB,31-213,90,0,0,0,0,0,0,0,,0,2,2,0,3,3,3,0,17,2020-2021
Coke,23,es ESP,CB,33-251,62,1,1,0,1,0,0,2,0.0,2,0,0,0,2,3,0,0,17,2020-2021
   Jorge de Frutos,18,es ESP,CB,23-317,28,0,0,0,0,0,0,0,,0,0,0,0,0,0,0,0,17,2020-2021
Aitor Fernández,13,es ESP,GK,29-244,90,0,0,0,0,0,0,0,,0,0,0,0,0,0,1,0,17,2020-2021
Loren Morón,16,es ESP,FW,27-003,83,2,2,1,1,0,0,1,0.0,1,2,0,2,0,2,2,0,17,2020-2021
   Borja Iglesias,9,es ESP,FW,27-351,7,0,0,0,0,0,0,0,,0,1,0,1,0,0,1,0,17,2020-2021
Aitor Ruibal,24,es ESP,LW,24-286,88,1,0,1,0,0,0,2,0.0,2,0,0,0,1,2,0,0,17,2020-2021
   Rodri,28,es ESP,LW,20-231,2,0,0,0,0,0,0,0,,0,1,0,1,0,0,0,0,17,2020-2021
Diego Lainez,20,mx MEX,RW,20-207,90,1,1,0,1,0,1,3,33.3,2,4,0,4,0,1,0,0,17,2020-2021
Nabil Fekir,8,fr FRA,AM,27-168,90,2,1,1,0,1,2,3,66.7,1,0,0,0,0,2,0,0,17,2020-2021
Sergio Canales,10,es ESP,DM,29-321,80,0,0,0,0,0,0,0,,0,1,0,1,2,2,0,0,17,2020-2021
   Paul Akouokou,4,ci CIV,DM,23-013,10,1,0,0,1,0,1,1,100.0,0,0,0,0,0,1,0,0,17,2020-2021
Guido Rodríguez,21,ar ARG,DM,26-265,90,5,2,2,3,0,3,4,75.0,1,2,0,2,2,7,2,0,17,2020-2021
Juan Miranda,33,es ESP,LB,20-349,90,2,2,1,1,0,1,2,50.0,1,1,0,1,1,3,2,0,17,2020-2021
Víctor Ruiz,6,es ESP,CB,31-343,90,1,1,1,0,0,1,1,100.0,0,1,1,0,1,2,0,0,17,2020-2021
Aïssa Mandi,23,dz ALG,CB,29-072,90,0,0,0,0,0,0,0,,0,0,0,0,1,1,3,0,17,2020-2021
Emerson,22,br BRA,RB,21-354,90,3,0,2,1,0,2,2,100.0,0,1,0,1,2,5,0,0,17,2020-2021
Claudio Bravo,25,cl CHI,GK,37-264,90,0,0,0,0,0,0,0,,0,0,0,0,0,0,2,0,17,2020-2021
Luuk de Jong,9,nl NED,FW,30-128,45,1,1,0,0,1,0,1,0.0,1,0,0,0,0,1,1,0,17,2020-2021
   Ivan Rakitić,10,hr CRO,"LM,RM",32-298,45,0,0,0,0,0,0,0,,0,0,0,0,2,2,1,0,17,2020-2021
Lucas Ocampos,5,ar ARG,"LW,RW",26-175,89,2,0,0,2,0,0,0,,0,2,0,2,1,3,2,0,17,2020-2021
   Aleix Vidal,17,es ESP,RW,31-134,1,0,0,0,0,0,0,0,,0,0,0,0,0,0,0,0,17,2020-2021
Suso,7,es ESP,RW,27-044,76,0,0,0,0,0,0,0,,0,2,0,2,0,0,0,0,17,2020-2021
   Munir El Haddadi,11,ma MAR,LW,25-123,14,0,0,0,0,0,0,0,,0,0,0,0,0,0,1,0,17,2020-2021
Óliver Torres,21,es ESP,LM,26-053,45,0,0,0,0,0,0,1,0.0,1,1,0,1,1,1,0,0,17,2020-2021
   Youssef En-Nesyri,15,ma MAR,FW,23-215,45,0,0,0,0,0,0,2,0.0,2,0,0,0,0,0,0,0,17,2020-2021
Nemanja Gudelj,6,rs SRB,CM,29-047,90,5,2,5,0,0,1,1,100.0,0,2,2,0,4,9,2,0,17,2020-2021
Joan Jordán,8,es ESP,RM,26-180,76,2,0,0,2,0,0,4,0.0,4,1,0,1,0,2,0,0,17,2020-2021
   Óscar Rodríguez Arnaiz,14,es ESP,LM,22-188,14,0,0,0,0,0,0,1,0.0,1,0,0,0,0,0,0,0,17,2020-2021
Marcos Acuña,19,ar ARG,LB,29-066,90,1,1,0,1,0,0,1,0.0,1,1,1,0,0,1,3,0,17,2020-2021
Diego Carlos,20,br BRA,CB,27-293,90,0,0,0,0,0,0,0,,0,3,3,0,1,1,4,0,17,2020-2021
Jules Koundé,12,fr FRA,CB,22-051,90,2,1,0,1,1,1,1,100.0,0,0,0,0,2,4,4,0,17,2020-2021
Jesús Navas,16,es ESP,RB,35-042,90,2,2,1,1,0,0,0,,0,1,0,1,1,3,0,0,17,2020-2021
Yassine Bounou,13,ma MAR,GK,29-272,90,0,0,0,0,0,0,0,,0,0,0,0,0,0,0,1,17,2020-2021
Jaime Mata,7,es ESP,FW,32-070,90,0,0,0,0,0,0,1,0.0,1,1,1,0,1,1,4,0,17,2020-2021
Ángel Rodríguez,9,es ESP,FW,33-251,90,0,0,0,0,0,0,1,0.0,1,0,0,0,0,0,0,0,17,2020-2021
Marc Cucurella,15,es ESP,"LM,LB",22-164,90,3,2,1,1,1,2,2,100.0,0,2,0,2,2,5,0,0,17,2020-2021
Nemanja Maksimović,20,rs SRB,CM,25-342,65,1,0,1,0,0,0,0,,0,1,0,1,4,5,1,0,17,2020-2021
   David Timor,24,es ESP,CM,31-077,25,0,0,0,0,0,0,1,0.0,1,0,0,0,1,1,1,0,17,2020-2021
Mauro Arambarri,18,uy URU,CM,25-094,90,3,2,0,3,0,0,0,,0,0,0,0,1,4,1,0,17,2020-2021
Allan Nyom,12,cm CMR,RM,32-237,45,0,0,0,0,0,0,0,,0,0,0,0,0,0,0,0,17,2020-2021
   Francisco Portillo,8,es ESP,RM,30-203,45,1,1,0,1,0,0,0,,0,0,0,0,0,1,0,0,17,2020-2021
Mathías Olivera,17,uy URU,LB,23-063,80,2,1,2,0,0,2,2,100.0,0,1,0,1,0,2,2,0,17,2020-2021
   John Joe,38,ie IRL,LM,17-070,10,0,0,0,0,0,0,0,,0,0,0,0,0,0,0,0,17,2020-2021
Djené,2,tg TOG,CB,29-002,90,1,1,1,0,0,0,0,,0,1,1,0,0,1,2,0,17,2020-2021
Erick Cabaco,3,uy URU,CB,25-258,90,2,1,1,1,0,2,4,50.0,2,2,1,1,3,5,8,0,17,2020-2021
Damián Suárez,22,uy URU,RB,32-250,90,2,0,0,2,0,1,2,50.0,1,4,1,3,1,3,3,0,17,2020-2021
Rubén Yáñez,1,es ESP,GK,27-082,90,0,0,0,0,0,0,0,,0,0,0,0,0,0,1,0,17,2020-2021
Shon Weissman,9,il ISR,FW,24-323,83,0,0,0,0,0,0,0,,0,0,0,0,0,0,1,0,17,2020-2021
   Rubén Alcaraz,14,es ESP,CM,29-246,7,1,0,0,1,0,1,1,100.0,0,0,0,0,0,1,0,0,17,2020-2021
Toni Villa,19,es ESP,LM,25-361,71,5,4,2,3,0,3,5,60.0,2,1,0,1,1,6,0,0,17,2020-2021
   Óscar Plano,10,es ESP,LM,29-326,19,1,1,1,0,0,0,1,0.0,1,1,0,1,0,1,1,0,17,2020-2021
Kike Pérez,8,es ESP,CM,23-323,83,0,0,0,0,0,0,1,0.0,1,1,0,1,1,1,1,0,17,2020-2021
   Sergi Guardiola,7,es ESP,FW,29-218,7,0,0,0,0,0,0,0,,0,0,0,0,0,0,0,0,17,2020-2021
Roque Mesa,17,es ESP,CM,31-209,88,3,2,1,1,1,1,2,50.0,1,1,0,1,1,4,0,0,17,2020-2021
   Javi Sánchez,5,es ESP,CB,23-294,2,1,1,1,0,0,1,1,100.0,0,0,0,0,0,1,2,0,17,2020-2021
Jota,40,pt POR,RM,21-278,71,1,1,1,0,0,1,1,100.0,0,0,0,0,2,3,1,0,17,2020-2021
   Pablo Hervías,11,es ESP,RM,27-300,19,1,1,0,1,0,0,0,,0,1,0,1,0,1,0,0,17,2020-2021
Fede San Emeterio,20,es ESP,"DM,CM",23-292,90,3,1,2,1,0,2,3,66.7,1,2,1,1,3,6,4,0,17,2020-2021
Nacho,22,es ESP,LB,31-301,90,1,0,1,0,0,1,2,50.0,1,0,0,0,1,2,5,0,17,2020-2021
Jawad El Yamiq,15,ma MAR,CB,28-308,90,3,3,3,0,0,1,1,100.0,0,1,0,1,4,7,6,0,17,2020-2021
Bruno González,6,es ESP,CB,30-223,90,0,0,0,0,0,0,0,,0,1,1,0,1,1,3,0,17,2020-2021
Luis Pérez,2,es ESP,RB,25-333,90,1,1,1,0,0,1,1,100.0,0,0,0,0,1,2,4,0,17,2020-2021
Jordi Masip,1,es ESP,GK,31-365,90,0,0,0,0,0,0,0,,0,0,0,0,0,0,0,0,17,2020-2021
Karim Benzema,9,fr FRA,FW,33-014,89,1,0,0,1,0,0,0,,0,0,0,0,0,1,2,0,17,2020-2021
   Mariano,24,do DOM,FW,27-154,1,0,0,0,0,0,0,0,,0,0,0,0,0,0,0,0,17,2020-2021
Marco Asensio,11,es ESP,LW,24-347,73,0,0,0,0,0,0,0,,0,1,0,1,1,1,0,0,17,2020-2021
   Eden Hazard,7,be BEL,LW,29-361,17,0,0,0,0,0,0,1,0.0,1,0,0,0,1,1,0,0,17,2020-2021
Lucas Vázquez,17,es ESP,"RW,RB",29-185,90,1,0,0,0,1,0,2,0.0,2,0,0,0,1,2,0,0,17,2020-2021
Toni Kroos,8,de GER,LM,30-364,84,1,1,0,0,1,0,1,0.0,1,0,0,0,3,4,0,0,17,2020-2021
   Federico Valverde,15,uy URU,LM,22-164,6,1,0,0,0,1,0,0,,0,0,0,0,0,1,0,0,17,2020-2021
Casemiro,14,br BRA,CM,28-314,90,4,1,1,3,0,1,2,50.0,1,3,1,2,3,7,2,0,17,2020-2021
Luka Modrić,10,hr CRO,RM,35-115,84,1,1,1,0,0,1,3,33.3,2,1,0,1,2,3,0,0,17,2020-2021
   Martin Ødegaard,21,no NOR,RM,22-016,6,0,0,0,0,0,0,0,,0,0,0,0,0,0,0,0,17,2020-2021
Ferland Mendy,23,fr FRA,LB,25-208,90,2,1,1,1,0,2,3,66.7,1,1,0,1,0,2,2,0,17,2020-2021
Nacho,6,es ESP,CB,30-350,90,3,1,0,2,1,1,2,50.0,1,3,2,1,2,5,5,0,17,2020-2021
Raphaël Varane,5,fr FRA,CB,27-252,90,0,0,0,0,0,0,1,0.0,1,1,1,0,0,0,8,0,17,2020-2021
Dani Carvajal,2,es ESP,RB,28-357,84,1,0,1,0,0,1,1,100.0,0,1,0,1,1,2,4,0,17,2020-2021
   Vinicius Júnior,20,br BRA,"RW,RB",20-174,6,0,0,0,0,0,0,0,,0,0,0,0,0,0,0,0,17,2020-2021
Thibaut Courtois,1,be BEL,GK,28-236,90,0,0,0,0,0,0,0,,0,0,0,0,0,0,1,0,17,2020-2021
Santi Mina,22,es ESP,FW,25-026,90,2,2,2,0,0,1,2,50.0,1,0,0,0,2,4,0,0,17,2020-2021
Iago Aspas,10,es ESP,FW,33-154,50,0,0,0,0,0,0,0,,0,0,0,0,1,1,0,0,17,2020-2021
   Fran Beltrán,8,es ESP,FW,21-334,40,0,0,0,0,0,0,0,,0,0,0,0,0,0,0,0,17,2020-2021
Nolito,9,es ESP,LM,34-079,63,1,1,0,1,0,0,1,0.0,1,0,0,0,1,2,0,0,17,2020-2021
   Miguel Baeza,27,es ESP,LM,20-281,27,0,0,0,0,0,0,1,0.0,1,0,0,0,1,1,0,0,17,2020-2021
Denis Suárez,6,es ESP,CM,26-362,90,3,1,0,3,0,2,3,66.7,1,0,0,0,0,3,0,0,17,2020-2021
Brais Méndez,23,es ESP,RM,23-361,90,1,1,0,0,1,0,1,0.0,1,0,0,0,1,2,0,0,17,2020-2021
Renato Tapia,14,pe PER,DM,25-158,90,4,1,3,1,0,2,3,66.7,1,2,0,2,0,4,3,0,17,2020-2021
Lucas Olaza,15,uy URU,LB,26-165,90,0,0,0,0,0,0,0,,0,0,0,0,1,1,0,0,17,2020-2021
Jeison Murillo,24,co COL,CB,28-220,90,1,0,0,1,0,0,0,,0,1,1,0,2,3,3,0,17,2020-2021
Néstor Araujo,4,mx MEX,CB,29-126,90,2,2,1,1,0,1,1,100.0,0,0,0,0,1,3,0,0,17,2020-2021
Hugo Mallo,2,es ESP,RB,29-194,90,0,0,0,0,0,0,0,,0,0,0,0,1,1,1,0,17,2020-2021
Rubén Blanco,13,es ESP,GK,25-161,90,0,0,0,0,0,0,0,,0,0,0,0,0,0,0,0,17,2020-2021
Raúl García,22,es ESP,FW,34-176,90,2,0,0,1,1,1,7,14.3,6,1,0,1,1,3,0,0,17,2020-2021
Álex Berenguer,12,es ESP,LW,25-183,65,2,1,0,1,1,0,3,0.0,3,2,0,2,0,2,1,0,17,2020-2021
   Oihan Sancet,16,es ESP,LW,20-253,25,0,0,0,0,0,0,0,,0,0,0,0,0,0,0,0,17,2020-2021
Iñaki Williams,9,gh GHA,RW,26-202,81,3,2,0,1,2,2,2,100.0,0,1,0,1,1,4,0,0,17,2020-2021
   Asier Villalibre,20,es ESP,RW,23-095,9,1,0,0,1,0,1,1,100.0,0,0,0,0,0,1,0,0,17,2020-2021
Iker Muniain,10,es ESP,AM,28-015,81,0,0,0,0,0,0,1,0.0,1,0,0,0,2,2,0,0,17,2020-2021
   Iñigo Lekue,15,es ESP,AM,27-244,9,0,0,0,0,0,0,0,,0,0,0,0,0,0,0,0,17,2020-2021
Mikel Vesga,6,es ESP,DM,27-227,90,2,1,0,2,0,1,3,33.3,2,2,1,1,2,4,3,0,17,2020-2021
Unai Vencedor Paris,27,es ESP,DM,20-049,65,0,0,0,0,0,0,0,,0,0,0,0,0,0,0,0,17,2020-2021
   Dani García,14,es ESP,DM,30-224,25,0,0,0,0,0,0,2,0.0,2,0,0,0,1,1,1,0,17,2020-2021
Yuri Berchiche,17,es ESP,LB,30-328,90,1,1,1,0,0,1,1,100.0,0,0,0,0,1,2,4,0,17,2020-2021
Iñigo Martínez,4,es ESP,CB,29-231,90,0,0,0,0,0,0,1,0.0,1,1,0,1,2,2,4,0,17,2020-2021
Unai Núñez,3,es ESP,CB,23-339,90,1,0,1,0,0,1,1,100.0,0,0,0,0,2,3,7,0,17,2020-2021
Óscar de Marcos,18,es ESP,RB,31-264,90,2,2,1,0,1,1,2,50.0,1,1,1,0,0,2,2,0,17,2020-2021
Unai Simón,1,es ESP,GK,23-206,90,0,0,0,0,0,0,0,,0,0,0,0,0,0,1,1,17,2020-2021
Guido Carrillo,21,ar ARG,FW,29-223,45,0,0,0,0,0,0,0,,0,0,0,0,0,0,0,0,17,2020-2021
   Lucas Boyé,9,ar ARG,FW,24-310,45,0,0,0,0,0,0,0,,0,1,0,1,1,1,1,0,17,2020-2021
Pere Milla,10,es ESP,LM,28-102,45,1,0,1,0,0,0,2,0.0,2,1,0,1,0,1,0,0,17,2020-2021
   Josan,17,es ESP,RM,31-031,45,0,0,0,0,0,0,1,0.0,1,0,0,0,0,0,1,0,17,2020-2021
Fidel,16,es ESP,"LB,CM",31-068,90,0,0,0,0,0,0,0,,0,1,1,0,0,0,0,0,17,2020-2021
Raúl Guti,14,es ESP,CM,24-004,77,3,2,1,2,0,1,1,100.0,0,0,0,0,2,5,0,0,17,2020-2021
   Nino,7,es ESP,CM,40-207,13,0,0,0,0,0,0,0,,0,0,0,0,0,0,0,0,17,2020-2021
Tete Morente,11,es ESP,"RM,LM",24-030,65,1,0,1,0,0,1,1,100.0,0,0,0,0,0,1,0,0,17,2020-2021
   Emiliano Rigoni,22,ar ARG,LM,27-334,25,0,0,0,0,0,0,0,,0,3,0,3,0,0,0,0,17,2020-2021
Iván Marcone,4,ar ARG,DM,30-214,90,3,2,3,0,0,3,6,50.0,3,0,0,0,1,4,1,1,17,2020-2021
Juan Sánchez Miño,3,ar ARG,LB,31-002,45,2,2,1,1,0,2,5,40.0,3,0,0,0,2,4,0,0,17,2020-2021
   Víctor Rodríguez,8,es ESP,CM,31-164,45,0,0,0,0,0,0,0,,0,0,0,0,1,1,0,0,17,2020-2021
Josema,24,es ESP,CB,24-211,90,3,1,3,0,0,1,3,33.3,2,1,0,1,0,3,3,0,17,2020-2021
Gonzalo Verdú,5,es ESP,CB,32-074,90,1,1,1,0,0,1,1,100.0,0,3,2,1,3,4,2,0,17,2020-2021
Antonio Barragán,19,es ESP,RB,33-205,90,2,1,2,0,0,0,1,0.0,1,1,1,0,2,4,2,0,17,2020-2021
Édgar Badía,13,es ESP,GK,28-326,90,0,0,0,0,0,0,0,,0,0,0,0,0,0,0,0,17,2020-2021
